{
  "Home - Catalog" : {
    "transaction" : "Home - Catalog",
    "sampleCount" : 30,
    "errorCount" : 0,
    "errorPct" : 0.0,
    "meanResTime" : 777.233333333333,
    "medianResTime" : 771.0,
    "minResTime" : 699.0,
    "maxResTime" : 1285.0,
    "pct1ResTime" : 797.9,
    "pct2ResTime" : 1044.0999999999997,
    "pct3ResTime" : 1285.0,
    "throughput" : 1.0155377272265664,
    "receivedKBytesPerSec" : 5.617193053721945,
    "sentKBytesPerSec" : 0.3034712348938763
  },
  "View Category (FISH)" : {
    "transaction" : "View Category (FISH)",
    "sampleCount" : 300,
    "errorCount" : 0,
    "errorPct" : 0.0,
    "meanResTime" : 344.1666666666667,
    "medianResTime" : 209.5,
    "minResTime" : 176.0,
    "maxResTime" : 2910.0,
    "pct1ResTime" : 611.9000000000001,
    "pct2ResTime" : 728.0,
    "pct3ResTime" : 1033.6300000000003,
    "throughput" : 0.24817364875652595,
    "receivedKBytesPerSec" : 0.9519786057769862,
    "sentKBytesPerSec" : 0.09427690367801621
  },
  "Total" : {
    "transaction" : "Total",
    "sampleCount" : 630,
    "errorCount" : 0,
    "errorPct" : 0.0,
    "meanResTime" : 460.2952380952383,
    "medianResTime" : 540.0,
    "minResTime" : 176.0,
    "maxResTime" : 4935.0,
    "pct1ResTime" : 742.9,
    "pct2ResTime" : 791.4499999999999,
    "pct3ResTime" : 1566.349999999999,
    "throughput" : 0.5007061546323665,
    "receivedKBytesPerSec" : 2.0025452066128184,
    "sentKBytesPerSec" : 0.18874274969540375
  },
  "View Product (FI-SW-01)" : {
    "transaction" : "View Product (FI-SW-01)",
    "sampleCount" : 300,
    "errorCount" : 0,
    "errorPct" : 0.0,
    "meanResTime" : 544.7300000000005,
    "medianResTime" : 557.0,
    "minResTime" : 180.0,
    "maxResTime" : 4935.0,
    "pct1ResTime" : 750.0,
    "pct2ResTime" : 791.9,
    "pct3ResTime" : 1594.7600000000002,
    "throughput" : 0.24067253533273378,
    "receivedKBytesPerSec" : 0.9650404590587939,
    "sentKBytesPerSec" : 0.09189742315927628
  }
}