{
  "Home - Catalog" : {
    "transaction" : "Home - Catalog",
    "sampleCount" : 40,
    "errorCount" : 0,
    "errorPct" : 0.0,
    "meanResTime" : 872.3250000000002,
    "medianResTime" : 798.5,
    "minResTime" : 717.0,
    "maxResTime" : 2165.0,
    "pct1ResTime" : 925.5,
    "pct2ResTime" : 2005.6999999999969,
    "pct3ResTime" : 2165.0,
    "throughput" : 1.3648150675583457,
    "receivedKBytesPerSec" : 7.549133342432101,
    "sentKBytesPerSec" : 0.4078451276102088
  },
  "View Category (FISH)" : {
    "transaction" : "View Category (FISH)",
    "sampleCount" : 400,
    "errorCount" : 0,
    "errorPct" : 0.0,
    "meanResTime" : 315.96750000000003,
    "medianResTime" : 207.0,
    "minResTime" : 177.0,
    "maxResTime" : 3759.0,
    "pct1ResTime" : 596.8000000000001,
    "pct2ResTime" : 634.55,
    "pct3ResTime" : 1277.570000000004,
    "throughput" : 0.34743514688689425,
    "receivedKBytesPerSec" : 1.3327395087614458,
    "sentKBytesPerSec" : 0.13198464076074398
  },
  "Total" : {
    "transaction" : "Total",
    "sampleCount" : 840,
    "errorCount" : 0,
    "errorPct" : 0.0,
    "meanResTime" : 455.85238095238094,
    "medianResTime" : 532.5,
    "minResTime" : 177.0,
    "maxResTime" : 3759.0,
    "pct1ResTime" : 748.0,
    "pct2ResTime" : 831.6999999999996,
    "pct3ResTime" : 1639.2200000000018,
    "throughput" : 0.7010036034923333,
    "receivedKBytesPerSec" : 2.803623228922741,
    "sentKBytesPerSec" : 0.26424549897269595
  },
  "View Product (FI-SW-01)" : {
    "transaction" : "View Product (FI-SW-01)",
    "sampleCount" : 400,
    "errorCount" : 0,
    "errorPct" : 0.0,
    "meanResTime" : 554.0900000000004,
    "medianResTime" : 561.0,
    "minResTime" : 183.0,
    "maxResTime" : 2259.0,
    "pct1ResTime" : 751.7,
    "pct2ResTime" : 915.3499999999999,
    "pct3ResTime" : 1662.4200000000005,
    "throughput" : 0.3381022657923342,
    "receivedKBytesPerSec" : 1.355710843108715,
    "sentKBytesPerSec" : 0.12909959562969012
  }
}