{
  "state": {
    "isStdOutTTY": false,
    "isStdErrTTY": false,
    "testRunDurationMs": 1308167.0268
  },
  "metrics": {
    "data_received": {
      "contains": "data",
      "values": {
        "count": 4748990,
        "rate": 3630.2627284658297
      },
      "type": "counter"
    },
    "iterations": {
      "type": "counter",
      "contains": "default",
      "values": {
        "count": 500,
        "rate": 0.3822141895925059
      }
    },
    "http_req_blocked": {
      "contains": "time",
      "values": {
        "avg": 36.95538885714284,
        "min": 0,
        "med": 0,
        "max": 2086.581,
        "p(90)": 0,
        "p(95)": 0
      },
      "type": "trend"
    },
    "http_req_duration": {
      "contains": "time",
      "values": {
        "min": 167.5251,
        "med": 190.7491,
        "max": 419.8344,
        "p(90)": 207.33855,
        "p(95)": 222.45730999999992,
        "avg": 198.78653428571425
      },
      "type": "trend"
    },
    "http_req_duration{expected_response:true}": {
      "type": "trend",
      "contains": "time",
      "values": {
        "avg": 198.78653428571425,
        "min": 167.5251,
        "med": 190.7491,
        "max": 419.8344,
        "p(90)": 207.33855,
        "p(95)": 222.45730999999992
      }
    },
    "http_req_failed": {
      "type": "rate",
      "contains": "default",
      "values": {
        "rate": 0,
        "passes": 0,
        "fails": 1050
      },
      "thresholds": {
        "rate<0.01": {
          "ok": true
        }
      }
    },
    "http_reqs": {
      "values": {
        "count": 1050,
        "rate": 0.8026497981442624
      },
      "type": "counter",
      "contains": "default"
    },
    "http_req_connecting": {
      "type": "trend",
      "contains": "time",
      "values": {
        "avg": 0.03686542857142855,
        "min": 0,
        "med": 0,
        "max": 2.4594,
        "p(90)": 0,
        "p(95)": 0
      }
    },
    "http_req_sending": {
      "values": {
        "avg": 0.10924257142857141,
        "min": 0,
        "med": 0,
        "max": 1.7124,
        "p(90)": 0.4373100000000001,
        "p(95)": 0.5272499999999999
      },
      "type": "trend",
      "contains": "time"
    },
    "iteration_duration": {
      "type": "trend",
      "contains": "time",
      "values": {
        "avg": 130696.164918,
        "min": 124345.0441,
        "med": 124384.25039999999,
        "max": 188643.588,
        "p(90)": 130727.93121000142,
        "p(95)": 187484.75452
      }
    },
    "checks": {
      "type": "rate",
      "contains": "default",
      "values": {
        "rate": 1,
        "passes": 1050,
        "fails": 0
      },
      "thresholds": {
        "rate>0.99": {
          "ok": true
        }
      }
    },
    "vus": {
      "type": "gauge",
      "contains": "default",
      "values": {
        "value": 1,
        "min": 1,
        "max": 50
      }
    },
    "vus_max": {
      "type": "gauge",
      "contains": "default",
      "values": {
        "value": 50,
        "min": 50,
        "max": 50
      }
    },
    "http_req_receiving": {
      "type": "trend",
      "contains": "time",
      "values": {
        "p(95)": 2.9495749999999945,
        "avg": 0.5836679047619048,
        "min": 0,
        "med": 0,
        "max": 10.9475,
        "p(90)": 1.8048100000000002
      }
    },
    "http_req_tls_handshaking": {
      "type": "trend",
      "contains": "time",
      "values": {
        "p(90)": 0,
        "p(95)": 0,
        "avg": 35.60590838095237,
        "min": 0,
        "med": 0,
        "max": 2059.768
      }
    },
    "http_req_waiting": {
      "values": {
        "avg": 198.09362380952376,
        "min": 167.5251,
        "med": 189.93099999999998,
        "max": 419.2445,
        "p(90)": 206.73809,
        "p(95)": 220.85679499999998
      },
      "type": "trend",
      "contains": "time"
    },
    "data_sent": {
      "type": "counter",
      "contains": "data",
      "values": {
        "count": 204663,
        "rate": 156.45020536914208
      }
    }
  },
  "root_group": {
    "path": "",
    "id": "d41d8cd98f00b204e9800998ecf8427e",
    "groups": [],
    "checks": [
        {
          "fails": 0,
          "name": "home status 200",
          "path": "::home status 200",
          "id": "d8df3b0822dbf7e17be990b3a6cdad4b",
          "passes": 50
        },
        {
          "name": "category status 200",
          "path": "::category status 200",
          "id": "c5845479b0afb163484b1471f8b2f5d8",
          "passes": 500,
          "fails": 0
        },
        {
          "name": "product status 200",
          "path": "::product status 200",
          "id": "c4c3607bee1a4052bdf4d6f8b8e9a093",
          "passes": 500,
          "fails": 0
        }
      ],
    "name": ""
  },
  "options": {
    "summaryTrendStats": [
      "avg",
      "min",
      "med",
      "max",
      "p(90)",
      "p(95)"
    ],
    "summaryTimeUnit": "",
    "noColor": false
  }
}