{
  "Home - Catalog" : {
    "transaction" : "Home - Catalog",
    "sampleCount" : 50,
    "errorCount" : 0,
    "errorPct" : 0.0,
    "meanResTime" : 786.1399999999999,
    "medianResTime" : 750.5,
    "minResTime" : 697.0,
    "maxResTime" : 1564.0,
    "pct1ResTime" : 827.7,
    "pct2ResTime" : 1027.099999999998,
    "pct3ResTime" : 1564.0,
    "throughput" : 1.6725204883759828,
    "receivedKBytesPerSec" : 9.251128951329655,
    "sentKBytesPerSec" : 0.4997961615654792
  },
  "View Category (FISH)" : {
    "transaction" : "View Category (FISH)",
    "sampleCount" : 500,
    "errorCount" : 0,
    "errorPct" : 0.0,
    "meanResTime" : 558.134,
    "medianResTime" : 553.0,
    "minResTime" : 182.0,
    "maxResTime" : 2219.0,
    "pct1ResTime" : 616.0,
    "pct2ResTime" : 653.55,
    "pct3ResTime" : 1199.3700000000006,
    "throughput" : 0.39733246873788136,
    "receivedKBytesPerSec" : 1.5241425167992166,
    "sentKBytesPerSec" : 0.1509397757217147
  },
  "Total" : {
    "transaction" : "Total",
    "sampleCount" : 1050,
    "errorCount" : 0,
    "errorPct" : 0.0,
    "meanResTime" : 569.9638095238096,
    "medianResTime" : 561.0,
    "minResTime" : 182.0,
    "maxResTime" : 2219.0,
    "pct1ResTime" : 708.9,
    "pct2ResTime" : 783.0,
    "pct3ResTime" : 1136.49,
    "throughput" : 0.8005526100302379,
    "receivedKBytesPerSec" : 3.2017637031733903,
    "sentKBytesPerSec" : 0.30177080807780454
  },
  "View Product (FI-SW-01)" : {
    "transaction" : "View Product (FI-SW-01)",
    "sampleCount" : 500,
    "errorCount" : 0,
    "errorPct" : 0.0,
    "meanResTime" : 560.1760000000003,
    "medianResTime" : 560.5,
    "minResTime" : 182.0,
    "maxResTime" : 1564.0,
    "pct1ResTime" : 649.8000000000004,
    "pct2ResTime" : 748.8499999999999,
    "pct3ResTime" : 824.8100000000002,
    "throughput" : 0.38588822207404117,
    "receivedKBytesPerSec" : 1.5473213279648563,
    "sentKBytesPerSec" : 0.1473459910458497
  }
}