{
  "Home - Catalog" : {
    "transaction" : "Home - Catalog",
    "sampleCount" : 70,
    "errorCount" : 0,
    "errorPct" : 0.0,
    "meanResTime" : 787.642857142857,
    "medianResTime" : 763.5,
    "minResTime" : 702.0,
    "maxResTime" : 1485.0,
    "pct1ResTime" : 828.8,
    "pct2ResTime" : 896.4000000000002,
    "pct3ResTime" : 1485.0,
    "throughput" : 2.3343448827825393,
    "receivedKBytesPerSec" : 12.911845132890921,
    "sentKBytesPerSec" : 0.697567904425251
  },
  "View Category (FISH)" : {
    "transaction" : "View Category (FISH)",
    "sampleCount" : 700,
    "errorCount" : 0,
    "errorPct" : 0.0,
    "meanResTime" : 284.04714285714283,
    "medianResTime" : 199.0,
    "minResTime" : 174.0,
    "maxResTime" : 1412.0,
    "pct1ResTime" : 574.0,
    "pct2ResTime" : 604.9499999999999,
    "pct3ResTime" : 773.6600000000003,
    "throughput" : 0.5953327612468989,
    "receivedKBytesPerSec" : 2.2836592638455264,
    "sentKBytesPerSec" : 0.22615668371586295
  },
  "Total" : {
    "transaction" : "Total",
    "sampleCount" : 1470,
    "errorCount" : 0,
    "errorPct" : 0.0,
    "meanResTime" : 417.229931972789,
    "medianResTime" : 526.0,
    "minResTime" : 174.0,
    "maxResTime" : 1485.0,
    "pct1ResTime" : 702.9000000000001,
    "pct2ResTime" : 762.45,
    "pct3ResTime" : 829.29,
    "throughput" : 1.201812038232339,
    "receivedKBytesPerSec" : 4.806577498890164,
    "sentKBytesPerSec" : 0.45302680347429963
  },
  "View Product (FI-SW-01)" : {
    "transaction" : "View Product (FI-SW-01)",
    "sampleCount" : 700,
    "errorCount" : 0,
    "errorPct" : 0.0,
    "meanResTime" : 513.3714285714283,
    "medianResTime" : 551.0,
    "minResTime" : 176.0,
    "maxResTime" : 1239.0,
    "pct1ResTime" : 631.9,
    "pct2ResTime" : 745.0,
    "pct3ResTime" : 832.95,
    "throughput" : 0.5784253938663771,
    "receivedKBytesPerSec" : 2.319350260952485,
    "sentKBytesPerSec" : 0.22086360254077486
  }
}